シナリオ,月間コスト（万円）,月間売上（万円）,月間新規顧客数,CAC（円）,LTV（円）,LTV/CAC比率,月間利益（万円）,年間利益（万円）,損益分岐月数,3年ROI
A. BtoB営業単独,54.5,504.0,2.0,272500.0,2928000.0000000005,10.74495412844037,449.5,5394.0,1,8.247706422018348
B. EEZO単独,57.275,66.0,80.0,4987.5,25000.0,5.012531328320802,8.725,104.7,1,0.15233522479266695
C. BtoB×EEZO同時並行,133.3025,690.5999999999999,106.40000000000002,12528.430451127817,119924.81203007518,9.572213574389078,557.2974999999999,6687.569999999999,1,4.127276551953127
